objectid,filename,youtubeid,title,format,description,creator,recipient,date,date-is-approximate?,item_information,subject,location,latitude,longitude,related_publication,publisher,source,findingaid,original-identifier,identifier,rights,rightsstatement,type,language,relation
CHBA_OVS_001,CHBA_OVS_001.jpg,,Chuito es Bayamón,image/jpeg,"Retrato de Jesús Sánchez Erazo, trovador puertorriqueño conocido como Chuito el de Bayamón. El retrato fue realizado por el artista plástico Richard Santiago quien lo convirtió en mural en el municipio de Bayamón..; <br> <br>
Portrait of Jesús Sánchez Erazo, a Puerto Rican troubadour known as Chuito el de Bayamón. The portrait was created by artist Richard Santiago, who turned it into a mural in the municipality of Bayamón.","Santiago, Richard",,2023-12-18,,single-page; photograph,"Retratos; Poetas, Puertorriqueños; Trovadores; Poesía; Folclore; Folclore; Nacionalismo;
Portraits; Poets, Puerto Rican; Troubadors; Poetry; Folklore; Nationalism ","Bayamón, Puerto Rico",18.389396,-66.165322400,,,"Chuito el de Bayamón Collection. Recovering the US Hispanic Literary Heritage, University of Houston.",,,CHBA_OVS_001,Items in this collection may be under copyright. Please contact apprec@central.uh.edu for more information.,https://artepublicopress.com/permissions/,Still Image,Español; Spanish,
CHBA_OVS_002,CHBA_OVS_002.jpg,,"Resolución de la honorable Asamble de Bayamón, Puerto Rico",image/jpeg,"Resolución de la honorable Asamblea Municipal de Bayamón en la que se determina que se designe con el nombre de Jesús Sánchez Erazo (Chuito el de Bayamón) a la Escuela Santa Juanita de Bayamón, Puerto Rico..; <br> 
Resolution of the Honorable Municipal Assembly of Bayamón determining that the Santa Juanita School in Bayamón, Puerto Rico, be named after Jesús Sánchez Erazo (Chuito el de Bayamón).","Asamblea municipal de Bayamón, Puerto rico
Marrero Pérez, Aníbal
De Martínez, Haydée",,1982-09-10,,single-page; legal document,"Retratos; Poetas, Puertorriqueños; Trovadores; Poesía; Folclore; Nacionalismo;
Portraits; Poets, Puerto Rican; Troubadors; Poetry; Folklore; Nationalism ","Bayamón, Puerto Rico",18.389396,-66.165322400,,Asamblea Municipal de Bayamón,"Chuito el de Bayamón Collection. Recovering the US Hispanic Literary Heritage, University of Houston.",,"MG-101, Box 5, Tapes",CHBA_OVS_002,Items in this collection may be under copyright. Please contact apprec@central.uh.edu for more information.,https://artepublicopress.com/permissions/,Still Image,Español; Spanish,
CHBA_OVS_003,CHBA_OVS_003.jpg,,Gobierno de Puerto Rico,image/jpeg,"Proclama en la que el gobernador en ejercicio declara los días del 5 al 11 de diciembre como la semana del Trovador Puertorriqueño. En esta se reconoce la importancia de los trovadores para mantener las tradiciones puertorriqueñas y promover la riqueza cultural de la nación..; <br>  
Proclamation in which the acting governor declares December 5-11 as Puerto Rican Troubadour Week. The proclamation recognizes the importance of troubadours in maintaining Puerto Rican traditions alive and promoting the cultural richness of the nation.","Rosello, Pedro (Gobernador de Puerto Rico 1993-2001)",,1999-12-18,,single-page; legal document,"Retratos; Poetas, Puertorriqueños; Trovadores; Poesía; Folclore; Nacionalismo;
Portraits; Poets, Puerto Rican; Troubadors; Poetry; Folklore; Nationalism ","San Juan, Puerto Rico",18.4670588,-66.118459300,,Gobierno de Puerto Rico,"Chuito el de Bayamón Collection. Recovering the US Hispanic Literary Heritage, University of Houston.",,"MG-101, Box 5, Tapes",CHBA_OVS_003,Items in this collection may be under copyright. Please contact apprec@central.uh.edu for more information.,https://artepublicopress.com/permissions/,Still Image,Español; Spanish,
CHBA_OVS_004,CHBA_OVS_004.jpg,,El instituto de cultura puertorriqueña otorga este diploma,image/jpeg,"Diploma otorgado a Jesús Sánchez Erazo (Chuito el de Bayamón) por el Instituto de cultura puertorriqueña con motivo de  su participación en la fiesta de la música puertorriqueña en San Juan de Puerto Rico..; <br>  
Diploma awarded to Jesús Sánchez Erazo (Chuito el de Bayamón) by the Institute of Puerto Rican Culture for his participation in the Puerto Rican music festival in San Juan, Puerto Rico.","Instituto de Cultura Puertorriqueña
Campos Parsi, Héctor (Director del Programa de Música)",,1974-05-19,,single-page; diploma,"Retratos; Poetas, Puertorriqueños; Trovadores; Poesía; Folclore; Nacionalismo;
Portraits; Poets, Puerto Rican; Troubadors; Poetry; Folklore; Nationalism ","San Juan, Puerto Rico",18.4670588,-66.118459300,,,"Chuito el de Bayamón Collection. Recovering the US Hispanic Literary Heritage, University of Houston.",,"MG-101, Box 5, Tapes",CHBA_OVS_004,Items in this collection may be under copyright. Please contact apprec@central.uh.edu for more information.,https://artepublicopress.com/permissions/,Still Image,Español; Spanish,
CHBA_OVS_005,CHBA_OVS_005.jpg,,Concilio de organizaciones bayamonesas,image/jpeg,"Certificado de honor otorgado a Jesús Sánchez Erazo (Chuito el de Bayamón) por el Concilio de organizaciones bayamonesas con motivo de la cooperación en el desarrollo social y cultural de los bayamoneses y puertorriqueños..; <br> 
Certificate of honor awarded to Jesús Sánchez Erazo (Chuito el de Bayamón) by the Concilio de organizaciones bayamonesas [Council of the Organizations of Bayamón]for his cooperation in the social and cultural development of the people of Bayamón and Puerto Rico.",Concilio de organizaciones bayamonesas,,1978-12-17,,single-page; certificate,"Retratos; Poetas, Puertorriqueños; Trovadores; Poesía; Folclore; Nacionalismo;
Portraits; Poets, Puerto Rican; Troubadors; Poetry; Folklore; Nationalism ",Nueva York; Puerto Rico;,40.7127753,-74.005972800,,,"Chuito el de Bayamón Collection. Recovering the US Hispanic Literary Heritage, University of Houston.",,"MG-101, Box 6, Folder - 'Frank B. Robinson Negatives'",CHBA_OVS_005,Items in this collection may be under copyright. Please contact apprec@central.uh.edu for more information.,https://artepublicopress.com/permissions/,Still Image,Español; Spanish,
CHBA_OVS_006,CHBA_OVS_006.jpg,,"Fotografía de Petra, esposa de Chuito",image/jpeg,"Retrato en blanco y negro de Petra Maysonet Gago, esposa de Chuito el de Bayamón. Petra se dedicaba a la venta de dulces típicos (mampostiales) para el sostenimiento de la familia. Apoyaba a Chuito con el vestuario y maquillaje de sus presentaciones..; <br> 
Black-and-white portrait of Petra Maysonet Gago, Chuito el de Bayamón's wife. Petra sold traditional sweets (mampostiales) to support the family. She helped Chuito with his costumes and makeup for his performances.",,,,,single-page; photograph,"Retratos; Poetas, Puertorriqueños; Trovadores; Poesía; Folclore; Nacionalismo;
Portraits; Poets, Puerto Rican; Troubadors; Poetry; Folklore; Nationalism ",,,,,,"Chuito el de Bayamón Collection. Recovering the US Hispanic Literary Heritage, University of Houston.",,"MG-101, Box 7, Folder 26",CHBA_OVS_006,Items in this collection may be under copyright. Please contact apprec@central.uh.edu for more information.,https://artepublicopress.com/permissions/,Still Image,,
CHBA_OVS_007,CHBA_OVS_007.jpg,,Fotografía de Juan Batista Sánchez Maysonet,image/jpeg,"Retrato en blanco y negro de la boda de Juan Bautista Sánchez Maysonet, hijo menor de Chuito el de Bayamón. A su izquierda se encuentra la novia, agarrada de su brazo. A su derecha, está su padre Chuito..; <br> 
A black-and-white portrait from the wedding of Juan Bautista Sánchez Maysonet, the youngest son of Chuito el de Bayamón. To his left stands the bride, holding his arm. To his right is his father, Chuito",,,,,single-page; photograph,"Retratos; Poetas, Puertorriqueños; Trovadores; Poesía; Folclore; Nacionalismo;
Portraits; Poets, Puerto Rican; Troubadors; Poetry; Folklore; Nationalism ",,,,,,"Chuito el de Bayamón Collection. Recovering the US Hispanic Literary Heritage, University of Houston.",,"MG-101, Box 7, Folder 13",CHBA_OVS_007,Items in this collection may be under copyright. Please contact apprec@central.uh.edu for more information.,https://artepublicopress.com/permissions/,Still Image,,
CHBA_OVS_008,CHBA_OVS_008.jpg,,El viejo Boogaloo,image/jpeg,"Carátula del disco de vinilo ""El viejo Boogaloo"", Volumen 8, interpretado por Chuito, el decano de los cantores. En él se encuentra Chuito con la vestimenta típica del jíbaro, pañuelo al cuello y sombrero de paja. En la parte superior derecha se incluye el logo del sello discográfico estadounidense Ansonia Records. El vinilo incluye canciones de géneros como aguinaldos, Boogaloo, Jíbaro, Plena, Bolero, Guaracha, Milonga, Twist. Contiene las canciones ""Parrandeando"", ""Siguen los tiempos cambiando"", ""El viejo en Boogaloo"", ""Qué humanidad"", ""Campanitas de Belén"", ""El Santo Parao"", ""Deletreando la navidad"", ""El espiritista"", ""Mi yegüita"", ""Venid pastorcillos"" y ""Recuerdos de ayer""..; <br> 
Cover of the vinyl record ""El viejo Boogaloo,"" Volume 8, performed by Chuito, the dean of singers. On the cover, Chuito is dressed in traditional jíbaro attire, with a neckerchief and a straw hat. In the upper right corner is the logo of the US American record label Ansonia Records.  The vinyl includes songs from genres such as aguinaldos, Boogaloo, Jibaro, Plena, Bolero, Guaracha, Milonga and Twist. It includes the songs ""Parrandeando,"" ""Siguen los tiempos cambiando,"" ""El viejo en Boogaloo,"" ""Qué humanidad,"" ""Campanitas de Belén,"" ""El Santo Parao,"" ""Deletreando la navidad,"" ""El espiritista,"" ""Mi yegüita,"" ""Venid pastorcillos"" and ""Recuerdos de ayer.""",Ansonia Discos,,,,single-page; album cover,"Retratos; Poetas, Puertorriqueños; Trovadores; Poesía; Folclore; Nacionalismo;
Portraits; Poets, Puerto Rican; Troubadors; Poetry; Folklore; Nationalism ",Nueva York; Puerto Rico;,40.7127753,-74.005972800,,,"Chuito el de Bayamón Collection. Recovering the US Hispanic Literary Heritage, University of Houston.",,"MG-101, Box 6, Folder - 'Photographs'",CHBA_OVS_008,Items in this collection may be under copyright. Please contact apprec@central.uh.edu for more information.,https://artepublicopress.com/permissions/,Still Image,Español; Spanish,
CHBA_OVS_009,CHBA_OVS_009.jpg,,Fiesta en el Batey,image/jpeg,"Carátula del disco titulado ""Fiesta en el batey"", interpretada por Chuito el de Bayamón. La imagen muestra a un grupo numeroso de hombres y niños en un entorno rural, reunidos alrededor de un buey en medio del campo. Al costado izquierdo se encuentra Chuito sosteniendo una vara. Al fondo se extiende un paisaje abierto con vegetación y un gran árbol que domina la escena. La composición transmite una atmósfera comunitaria y campesina, asociada al trabajo agrícola y la vida en el batey caribeño..; <br> 
Cover of the album titled ""Fiesta en el batey,"" performed by Chuito el de Bayamón. The image shows a large group of men and boys in a rural setting, gathered around an ox in the middle of a field. On the left side stands Chuito, holding a stick. In the background there is an open landscape with vegetation and a large tree that dominates the scene. The composition conveys a communal, rural atmosphere associated with agricultural work and life in the Caribbean batey.",Ansonia Discos,,1957,,single-page; album cover,"Retratos; Poetas, Puertorriqueños; Trovadores; Poesía; Folclore; Nacionalismo;
Portraits; Poets, Puerto Rican; Troubadors; Poetry; Folklore; Nationalism ",Nueva York; Puerto Rico;,40.7127753,-74.005972800,,,"Chuito el de Bayamón Collection. Recovering the US Hispanic Literary Heritage, University of Houston.",,"MG-101, Box 7, Folder 13",CHBA_OVS_009,Items in this collection may be under copyright. Please contact apprec@central.uh.edu for more information.,https://artepublicopress.com/permissions/,Still Image,Español; Spanish,
CHBA_OVS_010,CHBA_OVS_010.jpg,,Mi Gallo Camaguey,image/jpeg,"La carátula del disco ""Mi gallo Camagüey"" (Vol. 2) de Chuito el de Bayamón muestra una escena de gallera: Chuito en el costado derecho y otro hombre, agachados en el centro, sostienen gallos listos para el combate, mientras un grupo de espectadores se inclinan desde las barandas observando con atención. La imagen está ambientada en un espacio cerrado de madera, con divisiones numeradas. La escena remite a una práctica tradicional campesina caribeña..; <br> 
Cover of Chuito el de Bayamón’s album ""Mi gallo Camagüey"" (Vol. 2) depicting a cockfighting scene: Chuito on the right and another man, crouching in the center, hold roosters ready for battle, while a group of spectators lean over the railings, watching intently. The image is set in an enclosed wooden space with numbered partitions. The scene evokes a traditional Caribbean peasant practice.",Ansonia Discos,,1961,,single-page; album cover,"Retratos; Poetas, Puertorriqueños; Trovadores; Poesía; Folclore; Nacionalismo;
Portraits; Poets, Puerto Rican; Troubadors; Poetry; Folklore; Nationalism ",Nueva York; Puerto Rico;,40.7127753,-74.005972800,,,"Chuito el de Bayamón Collection. Recovering the US Hispanic Literary Heritage, University of Houston.",,"MG-101, Box 7, Folder 13",CHBA_OVS_010,Items in this collection may be under copyright. Please contact apprec@central.uh.edu for more information.,https://artepublicopress.com/permissions/,Still Image,Español; Spanish,
CHBA_OVS_011,CHBA_OVS_011.jpg,,El baúl,image/jpeg,"La fotografía muestra a Chuito el de Bayamón (Jesús Sánchez Erazo) acompañado por sus nietas, Violeta y Eneida, en una escena íntima y familiar. Él aparece sentado, sosteniendo con cercanía a las niñas. La imagen capta un momento cotidiano de la vida privada del músico. En la parte superior derecha se lee en letras negras El Baúl.; <br> 
The photograph shows Chuito el de Bayamón (Jesús Sánchez Erazo) with his granddaughters, Violeta and Eneida, in an intimate, family setting. He is seated, holding the girls close. The image captures an everyday moment from the musician’s private life. In the upper right corner, the words “El Baúl” are written in black letters",,,,,single-page; photograph,"Retratos; Poetas, Puertorriqueños; Trovadores; Poesía; Folclore; Nacionalismo;
Portraits; Poets, Puerto Rican; Troubadors; Poetry; Folklore; Nationalism ",,,,,,"Chuito el de Bayamón Collection. Recovering the US Hispanic Literary Heritage, University of Houston.",,"MG-101, Box 6, Folder - 'Miscellaneous Negatives'",CHBA_OVS_011,Items in this collection may be under copyright. Please contact apprec@central.uh.edu for more information.,https://artepublicopress.com/permissions/,Still Image,Español; Spanish,
CHBA_OVS_012,CHBA_OVS_012.jpg,,Recordando el ayer,image/jpeg,"Carátula del disco Recordando el ayer, interpretado por Chuito el de Bayamón. En La carátula consiste en un retrato en primer plano de Chuito con expresión seria, vestido con abrigo y suéter cuello alto, sobre un fondo negro. En la parte superior destaca su nombre en letras grandes amarillas, y debajo, el título en tipografía cursiva. A la derecha se lee Interpreta canciones de Don Felo (Don Felipe R. Goyco). A la izquierda se lee Con el Conjunto Industrias Nativas. En la esquina superior derecha aparece el sello Hopes Records (HOPE), con la indicación “Stereo” y el número de catálogo 909. La edición corresponde a la década de 1970.; <br> 
Cover of the album Recordando el ayer, performed by Chuito el de Bayamón. The cover features a close-up portrait of Chuito with a serious expression, wearing a coat and a turtleneck sweater, against a black background. At the top, his name stands out in large yellow letters and below it, the title is written in cursive typeface. On the right, it reads: Performs songs by Don Felo (Don Felipe R. Goyco). On the left, it reads: With the Conjunto Industrias Nativas. In the upper right corner is the Hopes Records (HOPE) label, with the word “Stereo” and the catalog number 909. The album was released in the 1970s",Hope Records,,1970,yes,single-page; album cover,"Retratos; Poetas, Puertorriqueños; Trovadores; Poesía; Folclore; Nacionalismo;
Portraits; Poets, Puerto Rican; Troubadors; Poetry; Folklore; Nationalism ",Puerto Rico,18.220833,-66.590149000,,,"Chuito el de Bayamón Collection. Recovering the US Hispanic Literary Heritage, University of Houston.",,"MG-101, Box 6, Folder - 'Miscellaneous Negatives'",CHBA_OVS_012,Items in this collection may be under copyright. Please contact apprec@central.uh.edu for more information.,https://artepublicopress.com/permissions/,Still Image,Español; Spanish,
CHBA_OVS_013,CHBA_OVS_013.jpg,,Fotografía de Chuito el de Bayamón,image/jpeg,"Fotografía en blanco y negro de Chuito el de Bayamón de pie en la sala de uno de sus hijos. Está vestido con traje claro, camisa blanca y corbata oscura. Apoya una mano sobre una radio antigua de madera, encima de la cual hay retratos familiares y pequeños objetos decorativos. Al fondo se ven un cuadro ovalado y cortinas estampadas.; <br> 
A black-and-white photograph of Chuito el de Bayamón standing in one of his sons’ living rooms. He is wearing a light-colored suit, a white shirt and a dark tie. He has one hand resting on an old wooden radio, atop which are family portraits and small decorative objects. In the background, there is an oval-shaped painting and patterned curtains",,,,,single-page; photograph,"Retratos; Poetas, Puertorriqueños; Trovadores; Poesía; Folclore; Nacionalismo;
Portraits; Poets, Puerto Rican; Troubadors; Poetry; Folklore; Nationalism ",,,,,,"Chuito el de Bayamón Collection. Recovering the US Hispanic Literary Heritage, University of Houston.",,"MG-101, Box 6, Folder - 'Miscellaneous Negatives'",CHBA_OVS_013,Items in this collection may be under copyright. Please contact apprec@central.uh.edu for more information.,https://artepublicopress.com/permissions/,Still Image,,
CHBA_OVS_014,CHBA_OVS_014.jpg,,"Chuito, el decano de los cantores",image/jpeg,"Contraportada del disco Chuito, El decano de los cantores. Contiene una fotografía en blanco y negro de Chuito el de Bayamón de pie al aire libre, junto a un árbol del que cuelga un peso con frutas. Chuito lleva un sombrero de paja que dice “Bienvenidos a Bayamón” y sostiene frutas en las manos. El suelo está cubierto de piedras y vegetación. En la parte inferior seencuentra el listado de canciones en tipografía pequeña. Se lee: A. No me quieres dar mas (Sic.). Puedes irte. Se que volveras. El abandonado. Aunque me meta a prision. B. La mama y la hija. Esta navidad. Improvisando y cantando. Desde la montaña. Las penas.; <br> 
Back cover of the album Chuito, El decano de los cantores. It features a black-and-white photograph of Chuito el de Bayamón standing outdoors next to a tree from which hangs a bunch of fruit. Chuito is wearing a straw hat that reads “Welcome to Bayamón” and is holding fruit in his hands. The ground is covered with stones and vegetation. At the bottom is the list of songs in small print. It reads: A. No me quieres dar mas (Sic.). Puedes irte. Se que volveras. El abandonado. Aunque me meta a prision. B. La mama y la hija. Esta navidad. Improvisando y cantando. Desde la montaña. Las penas",Fonseca Records,,,,single-page; album cover,"Retratos; Poetas, Puertorriqueños; Trovadores; Poesía; Folclore; Nacionalismo;
Portraits; Poets, Puerto Rican; Troubadors; Poetry; Folklore; Nationalism ","Bayamón, Puerto Rico",18.389396,-66.165322400,,,"Chuito el de Bayamón Collection. Recovering the US Hispanic Literary Heritage, University of Houston.",,"MG-101, Box 7, Folder 13",CHBA_OVS_014,Items in this collection may be under copyright. Please contact apprec@central.uh.edu for more information.,https://artepublicopress.com/permissions/,Still Image,Español; Spanish,
CHBA_OVS_015,CHBA_OVS_015.jpg,,Chuito. Joven le hago una advertencia...,image/jpeg,"Décimas de tono afirmativo en las que Chuito el de Bayamón (Jesús Sánchez Erazo) se presenta como cantor experimentado y figura central de la música típica. El texto enfatiza su trayectoria, su autoridad en la versificación y su permanencia en la escena, reforzando su identidad artística a través de la repetición de su nombre como cierre de cada estrofa.; <br> 
Affirmative decimas in which Chuito el de Bayamón (Jesús Sánchez Erazo) presents himself as a seasoned singer and a central figure in traditional music. The text highlights his career, his mastery of verse and his enduring presence on the scene, reinforcing his artistic identity by repeating his name at the end of each stanza",Chuito el de Bayamón [Jesús Sánchez Erazo],,,,single-page; text,"Retratos; Poetas, Puertorriqueños; Trovadores; Poesía; Folclore; Nacionalismo;
Portraits; Poets, Puerto Rican; Troubadors; Poetry; Folklore; Nationalism ","Bayamón, Puerto Rico",18.389396,-66.165322400,,,"Chuito el de Bayamón Collection. Recovering the US Hispanic Literary Heritage, University of Houston.",,"MG-101, Box 7, Folder 23",CHBA_OVS_015,Items in this collection may be under copyright. Please contact apprec@central.uh.edu for more information.,https://artepublicopress.com/permissions/,Text,Español; Spanish,
CHBA_OVS_016,CHBA_OVS_016.jpg,,A la orillita del río...,image/jpeg,"Décimas de temática amorosa compuestas por Chuito el de Bayamón [Jesús Sánchez Erazo], donde el hablante invita a una mujer a compartir una vida en común dentro de un entorno rural. El texto recurre a imágenes del río, el bohío y la mañana para construir una escena bucólica e íntima.; <br> 
Love-themed decimas composed by Chuito el de Bayamón [Jesús Sánchez Erazo], in which the speaker invites a woman to share a life together in a rural setting. The text draws on images of the river, the hut and the morning to create a bucolic and intimate scene",Chuito el de Bayamón [Jesús Sánchez Erazo],,,,single-page; text,"Retratos; Poetas, Puertorriqueños; Trovadores; Poesía; Folclore; Nacionalismo;
Portraits; Poets, Puerto Rican; Troubadors; Poetry; Folklore; Nationalism ","Bayamón, Puerto Rico",18.389396,-66.165322400,,,"Chuito el de Bayamón Collection. Recovering the US Hispanic Literary Heritage, University of Houston.",,"MG-101, Box 7, Folder 23",CHBA_OVS_016,Items in this collection may be under copyright. Please contact apprec@central.uh.edu for more information.,https://artepublicopress.com/permissions/,Text,Español; Spanish,
CHBA_OVS_017,CHBA_OVS_017.jpg,,Quiero olvidar,image/jpeg,"Poema de temática amorosa compuesto por Chuito el de Bayamón [Jesús Sánchez Erazo]. En el poema el yo lírico enumera recuerdos y expresa el deseo de olvidarlos. Discurre sobre el fin de la relación y la separación de la persona amada.; <br>  
A love poem written by Chuito el de Bayamón [Jesús Sánchez Erazo]. In the poem, the speaker recalls memories and expresses a desire to forget them. He reflects on the end of the relationship and the separation from his beloved",Chuito el de Bayamón [Jesús Sánchez Erazo],,,,single-page; text,"Retratos; Poetas, Puertorriqueños; Trovadores; Poesía; Folclore; Nacionalismo;
Portraits; Poets, Puerto Rican; Troubadors; Poetry; Folklore; Nationalism ","Bayamón, Puerto Rico",18.389396,-66.165322400,,,"Chuito el de Bayamón Collection. Recovering the US Hispanic Literary Heritage, University of Houston.",,"MG-101, Box 7, Folder 23",CHBA_OVS_017,Items in this collection may be under copyright. Please contact apprec@central.uh.edu for more information.,https://artepublicopress.com/permissions/,Text,Español; Spanish,
CHBA_OVS_018,CHBA_OVS_018.jpg,,El atrecho,image/jpeg,"Décimas de temática jíbara compuestas por Chuito el de Bayamón [Jesús Sánchez Erazo]. En ellas se describe a un trabajador del campo que toma atajos para llegar más rápido a su labor, con machete y azada en mano. El texto presenta una escena cotidiana del trabajo rural y muestra cómo ese camino, abierto por el campesino, es luego utilizado por otros.<br>
Jíbara-themed decimas composed by Chuito el de Bayamón [Jesús Sánchez Erazo]. They depict a farmworker who takes shortcuts to get to his work faster, machete and hoe in hand. The text presents an everyday scene of rural labor and shows how that path, cleared by the farmer, is later used by others.",Chuito el de Bayamón [Jesús Sánchez Erazo],,,,single-page; text,"Retratos; Poetas, Puertorriqueños; Trovadores; Poesía; Folclore; Nacionalismo;
Portraits; Poets, Puerto Rican; Troubadors; Poetry; Folklore; Nationalism ","Bayamón, Puerto Rico",18.389396,-66.165322400,,,"Chuito el de Bayamón Collection. Recovering the US Hispanic Literary Heritage, University of Houston.",,"MG-101, Box 6, Folder - 'Psychiana Photographs'",CHBA_OVS_018,Items in this collection may be under copyright. Please contact apprec@central.uh.edu for more information.,https://artepublicopress.com/permissions/,Text,Español; Spanish,
CHBA_OVS_019,CHBA_OVS_019.jpg,,Cuentos del campo,image/jpeg,"Décima de tono narrativo compuesta por Chuito el de Bayamón [Jesús Sánchez Erazo]. En esta se relata un episodio protagonizado por un jíbaro que toca un guitarrón donde vive un ratón. Durante un baile, al tocar el instrumento, el animal sale de su interior y provoca la interrupción del festejo.; <br> 
A narrative décima composed by Chuito el de Bayamón [Jesús Sánchez Erazo]. It tells the story of a jíbaro who plays a guitarrón in which a mouse lives. During a dance, as he plays the instrument, the animal emerges from inside it and causes the party to come to a halt",Chuito el de Bayamón [Jesús Sánchez Erazo],,,,single-page; text,"Retratos; Poetas, Puertorriqueños; Trovadores; Poesía; Folclore; Nacionalismo;
Portraits; Poets, Puerto Rican; Troubadors; Poetry; Folklore; Nationalism ","Bayamón, Puerto Rico",18.389396,-66.165322400,,,"Chuito el de Bayamón Collection. Recovering the US Hispanic Literary Heritage, University of Houston.",,"MG-101, Box 6, Folder - 'Psychiana Photographs'",CHBA_OVS_019,Items in this collection may be under copyright. Please contact apprec@central.uh.edu for more information.,https://artepublicopress.com/permissions/,Text,Español; Spanish,
CHBA_OVS_020,CHBA_OVS_020.jpg,,Que linda es la catarata...,image/jpeg,"Décima compuesta por Chuito el de Bayamón [Jesús Sánchez Erazo] en la que se exaltan elementos del paisaje rural, como el Río de la Plata en Puerto Rico, las cataratas, el palmar, los maizales, las cafetales y las aves. También se exalta la belleza de la mujer mulata. El texto reúne imágenes naturales y cotidianas vinculadas al entorno campesino y al trabajo agrícola.; <br> 
Décima composed by Chuito el de Bayamón [Jesús Sánchez Erazo] that celebrates elements of the rural landscape, such as the Río de la Plata in Puerto Rico, waterfalls, palm groves, cornfields, coffee plantations and birds. It also praises the beauty of the mulatto woman. The text brings together natural and everyday images associated with the rural environment and agricultural work",Chuito el de Bayamón [Jesús Sánchez Erazo],,,,single-page; text,"Retratos; Poetas, Puertorriqueños; Trovadores; Poesía; Folclore; Nacionalismo;
Portraits; Poets, Puerto Rican; Troubadors; Poetry; Folklore; Nationalism ","Bayamón, Puerto Rico",18.389396,-66.165322400,,,"Chuito el de Bayamón Collection. Recovering the US Hispanic Literary Heritage, University of Houston.",,"MG-101, Box 6, Folder - 'Psychiana Photographs'",CHBA_OVS_020,Items in this collection may be under copyright. Please contact apprec@central.uh.edu for more information.,https://artepublicopress.com/permissions/,Text,Español; Spanish,
CHBA_OVS_021,CHBA_OVS_021.jpg,,Sueña el alma del poeta,image/jpeg,"Décima compuesta por Chuito el de Bayamón [Jesús Sánchez Erazo], en la que describe el acto de soñar como una experiencia común en distintos contextos. Menciona al poeta, al marino y al estudiante como ejemplos de aspiraciones personales, así como al emigrante y al afligido que sueñan en medio de dificultades. El hablante lírico también se incluye señalando que su sueño consiste en el encuentro con la persona amada.; <br> 
Décima composed by Chuito el de Bayamón [Jesús Sánchez Erazo], in which he describes the act of dreaming as a common experience in various contexts. He mentions the poet, the sailor and the student as examples of personal aspirations, as well as the emigrant and the afflicted who dream amid difficulties. The lyrical speaker also includes himself, noting that his dream consists of being with his beloved",Chuito el de Bayamón [Jesús Sánchez Erazo],,,,single-page; text,"Retratos; Poetas, Puertorriqueños; Trovadores; Poesía; Folclore; Nacionalismo;
Portraits; Poets, Puerto Rican; Troubadors; Poetry; Folklore; Nationalism ","Bayamón, Puerto Rico",18.389396,-66.165322400,,,"Chuito el de Bayamón Collection. Recovering the US Hispanic Literary Heritage, University of Houston.",,"MG-101, Box 6, Folder - 'Psychiana Photographs'",CHBA_OVS_021,Items in this collection may be under copyright. Please contact apprec@central.uh.edu for more information.,https://artepublicopress.com/permissions/,Text,Español; Spanish,
CHBA_OVS_022,CHBA_OVS_022.jpg,,Para ser hombre honorable,image/jpeg,"Décima compuesta por Chuito el de Bayamón [Jesús Sánchez Erazo] donde describe la situación del pobre en contraste con el rico, indicando que, aunque ambos tienen un mismo origen, el pobre trabaja y enfrenta dificultades sin recibir reconocimiento, mientras el rico obtiene honores y beneficios. Asimismo, menciona que el pobre carece de recursos básicos y que, en contextos como las elecciones, es tomado en cuenta principalmente para servir a intereses ajenos.; <br> 
Décima composed by chuito el de Bayamón [Jesús Sánchez Erazo] in which he describes the plight of the poor in contrast to that of the rich, noting that, although both share the same origins, the poor work and face hardships without receiving recognition, while the rich enjoy honors and benefits. He also mentions that the poor lack basic resources and that, in contexts such as elections, they are primarily taken into account to serve the interests of others",Chuito el de Bayamón [Jesús Sánchez Erazo],,,,single-page; text,"Retratos; Poetas, Puertorriqueños; Trovadores; Poesía; Folclore; Nacionalismo;
Portraits; Poets, Puerto Rican; Troubadors; Poetry; Folklore; Nationalism ","Bayamón, Puerto Rico",18.389396,-66.165322400,,,"Chuito el de Bayamón Collection. Recovering the US Hispanic Literary Heritage, University of Houston.",,"MG-101, Box 6, Folder - 'Robinson & Friends'",CHBA_OVS_022,Items in this collection may be under copyright. Please contact apprec@central.uh.edu for more information.,https://artepublicopress.com/permissions/,Text,Español; Spanish,
CHBA_OVS_023,CHBA_OVS_023.jpg,,Campesina,image/jpeg,"Décima compuesta por Chuito el de Bayamón [Jesús Sánchez Erazo]. En ella se exalta el campo de Puerto Rico, el río, la floresta y el canto de los pájaros. Se enaltece al jíbaro puertorriqueño y el valor del trabajo.; <br> 
Décima composed by Chuito el de Bayamón [Jesús Sánchez Erazo]. It celebrates the Puerto Rican countryside, the river, the forest and the birdsong. It praises the Puerto Rican jíbaro and the value of hard work",Chuito el de Bayamón [Jesús Sánchez Erazo],,,,single-page; text,"Retratos; Poetas, Puertorriqueños; Trovadores; Poesía; Folclore; Nacionalismo;
Portraits; Poets, Puerto Rican; Troubadors; Poetry; Folklore; Nationalism ","Bayamón, Puerto Rico",18.389396,-66.165322400,,,"Chuito el de Bayamón Collection. Recovering the US Hispanic Literary Heritage, University of Houston.",,"MG-101, Box 6, Folder - 'Photographs'",CHBA_OVS_023,Items in this collection may be under copyright. Please contact apprec@central.uh.edu for more information.,https://artepublicopress.com/permissions/,Text,Español; Spanish,
CHBA_OVS_024,CHBA_OVS_024.jpg,,Puerto Rico,image/jpeg,"Fotografía en blanco y negro que captura la marquesina iluminada de una sala de espectáculos con el nombre Puerto Rico en letras prominentes. Debajo, en filas ordenadas, aparecen los nombres de los artistas Lola Beltrán, Tongolele, Marta Romero, López Ochoa y Tun Tun, entre otros, con Chuito de Bayamón destacado al final. Esto sugiere un evento musical o varieté de gran convocatoria. La escena, tomada de noche, combina el brillo de las luces con la oscuridad del entorno urbano, mientras un letrero de No Parking en la esquina añade un detalle cotidiano que contrasta con la atmósfera festiva del espectáculo anunciado. El letrero sugiere que el espectáculo se lleva a cabo en un país de habla inglesa.; <br> 
Black-and-white photograph capturing the illuminated marquee of a performance venue bearing the name Puerto Rico in prominent letters. Below, in neat rows, appear the names of artists such as Lola Beltrán, Tongolele, Marta Romero, López Ochoa and Tun Tun, among others, with Chuito de Bayamón highlighted at the end. This suggests a highly anticipated musical or variety show. The scene, taken at night, combines the brightness of the lights with the darkness of the urban surroundings, while a No Parking sign on the corner adds an everyday detail that contrasts with the festive atmosphere of the advertised show. The sign suggests that the show is taking place in an English-speaking country",,,,,single-page; photograph,"Retratos; Poetas, Puertorriqueños; Trovadores; Poesía; Folclore; Nacionalismo;
Portraits; Poets, Puerto Rican; Troubadors; Poetry; Folklore; Nationalism ",,,,,,"Chuito el de Bayamón Collection. Recovering the US Hispanic Literary Heritage, University of Houston.",,"MG-101, Box 6, Folder - 'Photographs'",CHBA_OVS_024,Items in this collection may be under copyright. Please contact apprec@central.uh.edu for more information.,https://artepublicopress.com/permissions/,Still Image,"Español; Spanish;
Inglés; English;",
CHBA_OVS_025,CHBA_OVS_025.jpg,,Fotografía de Chuito y conjunto musical,image/jpeg,"Fotografía en tonos sepia de una presentación musical en Nueva York. En el extremo izquierdo, Chuito el de Bayamón aparece con sombrero decorado, participando en la escena. A la derecha, un guitarrista canta frente al micrófono, acompañado por un contrabajista y un percusionista al fondo. En el extremo derecho, otro músico toca el acordeón, completando el conjunto. El sello “Villamil N.Y.” sugiere el estudio o fotógrafo que registró la imagen.; <br> 
Sepia-toned photograph of a musical performance in New York. On the far left, Chuito el de Bayamón appears wearing a decorated hat, taking part in the scene. On the right, a guitarist sings into the microphone, accompanied by a double bassist and a percussionist in the background. On the far right, another musician plays the accordion, completing the ensemble. The “Villamil N.Y.” stamp suggests the studio or photographer who took the picture",,,,,single-page; photograph,"Retratos; Poetas, Puertorriqueños; Trovadores; Poesía; Folclore; Nacionalismo;
Portraits; Poets, Puerto Rican; Troubadors; Poetry; Folklore; Nationalism ",,,,,,"Chuito el de Bayamón Collection. Recovering the US Hispanic Literary Heritage, University of Houston.",,"MG-101, Box 6, Folder - 'Photographs'",CHBA_OVS_025,Items in this collection may be under copyright. Please contact apprec@central.uh.edu for more information.,https://artepublicopress.com/permissions/,Still Image,Español; Spanish,
CHBA_OVS_026_1,CHBA_OVS_026_1.jpg,,Ansonia Records,image/jpeg,"Carta mecanografiada en papel membretado de Ansonia Records, Inc., fechado el 23 de marzo de 1971 en Nueva York y dirigido a Jesús Sánchez (Chuito el de Bayamón) en Puerto Rico. La carta comunica la recepción tardía de una correspondencia previa, expresa buenos deseos de salud y ofrece condolencias por la muerte de familiares cercanos. Además, informa el envío de un cheque correspondiente a regalías pendientes e invita al destinatario a visitar Nueva York. El texto cierra con un tono cordial, firmado por un representante de la compañía (Tati Pérez de Glass), e incluye una nota de anexo.; <br> 
Typewritten letter on Ansonia Records, Inc. letterhead, dated March 23, 1971, in New York and addressed to Jesús Sánchez (Chuito el de Bayamón) in Puerto Rico. The letter acknowledges the late receipt of a previous letter, expresses best wishes for good health and offers condolences on the death of close relatives. It also informs the recipient of a check sent for outstanding royalties and invites him to visit New York. The text concludes on a cordial note, signed by a company representative (Tati Pérez de Glass) and includes an attached note","Perez Glass, Tati (Ansonia Records)",Chuito el de Bayamón [Jesús Sánchez Erazo],1971-03-23,,single-page; correspondence,"Retratos; Poetas, Puertorriqueños; Trovadores; Poesía; Folclore; Nacionalismo;
Portraits; Poets, Puerto Rican; Troubadors; Poetry; Folklore; Nationalism ","Bayamón, Puerto Rico",18.389396,-66.165322400,,,"Chuito el de Bayamón Collection. Recovering the US Hispanic Literary Heritage, University of Houston.",,"MG-101, Box 6, Folder - 'Psychiana Photographs'",CHBA_OVS_026_1,Items in this collection may be under copyright. Please contact apprec@central.uh.edu for more information.,https://artepublicopress.com/permissions/,Text,Español; Spanish,
CHBA_OVS_027,CHBA_OVS_027.jpg,,Sobre Ansonia Records,image/jpeg,"Sobre postal de correo aéreo con bordes en franjas rojas y azules, enviado por Ansonia Records, Inc. desde Nueva York. En el anverso se observa el membrete de la compañía con su dirección en Columbus Avenue y un sello postal fechado el 24 de marzo de 1971. Está dirigido a Jesús Sánchez (Chuito el de Bayamón) en Bayamón, Puerto Rico, con la indicación Via Air Mail.; <br> 
Airmail postcard with red and blue striped borders, sent by Ansonia Records, Inc. from New York. The front features the company’s letterhead with its address on Columbus Avenue and a postmark dated March 24, 1971. It is addressed to Jesús Sánchez (Chuito el de Bayamón) in Bayamón, Puerto Rico, with the notation Via Air Mail","Perez Glass, Tati (Ansonia Records)",Chuito el de Bayamón [Jesús Sánchez Erazo],1971-03-23,,single-page; correspondence,"Retratos; Poetas, Puertorriqueños; Trovadores; Poesía; Folclore; Nacionalismo;
Portraits; Poets, Puerto Rican; Troubadors; Poetry; Folklore; Nationalism ","Nueva York; Bayamón, Puerto Rico",40.7127753,-74.005972800,,,"Chuito el de Bayamón Collection. Recovering the US Hispanic Literary Heritage, University of Houston.",,"MG-101, Box 6, Folder - 'Photographs'",CHBA_OVS_027,Items in this collection may be under copyright. Please contact apprec@central.uh.edu for more information.,https://artepublicopress.com/permissions/,Text,Español; Spanish,
CHBA_OVS_028,CHBA_OVS_028.jpg,,Certificado de mérito por Cooperación,image/jpeg,"Certificado de mérito emitido por el Departamento de Instrucción Pública del Estado Libre Asociado de Puerto Rico, correspondiente al Distrito Escolar de Bayamón Norte. El documento reconoce a Jesús Sánchez González por su Cooperación. Fue otorgado en la Escuela Intermedia Bayamón Gardens el 4 de mayo de 1967. Presenta un diseño ornamental en los bordes, con texto impreso y el nombre del destinatario manuscrito en el centro, acompañado por firmas de autoridades escolares.; <br> 
Certificate of Merit issued by the Department of Public Instruction of the Commonwealth of Puerto Rico, for the Bayamón Norte School District. The document recognizes Jesús Sánchez González for his cooperation. It was awarded at Bayamón Gardens Middle School on May 4, 1967. It features an ornamental design along the edges, with printed text and the recipient’s name handwritten in the center, accompanied by the signatures of school officials","R., Alicia (Directora de la Escuela intermedia Bayamón Gardens)",,1967-05-04,,single-page; certificate,"Retratos; Poetas, Puertorriqueños; Trovadores; Poesía; Folclore; Nacionalismo;
Portraits; Poets, Puerto Rican; Troubadors; Poetry; Folklore; Nationalism ","Bayamón, Puerto Rico",18.389396,-66.165322400,,,"Chuito el de Bayamón Collection. Recovering the US Hispanic Literary Heritage, University of Houston.",,"MG-101, Box 6, Folder - 'Psychiana Photographs'",CHBA_OVS_028,Items in this collection may be under copyright. Please contact apprec@central.uh.edu for more information.,https://artepublicopress.com/permissions/,Text,Español; Spanish,
CHBA_OVS_029,CHBA_OVS_029.jpg,,Johnny Bravo y Chuíto. La Décima se vuelve salsera,image/jpeg,"Artículo titulado La Décima se vuelve Salsera sobre la colaboración entre Johnny El Bravo y Chuito el de Bayamón. Describe la adaptación de la décima tradicional a ritmos de salsa y su proyección musical. Incluye una fotografía de ambos artistas como parte central del reportaje. El texto destaca la vigencia del género y su apertura a nuevos públicos. Aparece acompañado de anuncios y notas culturales propias del contexto periodístico de la época.; <br> 
An article titled La Décima Goes Salsera about the collaboration between Johnny El Bravo and Chuito el de Bayamón. It describes the adaptation of the traditional décima to salsa rhythms and its musical impact. It includes a photograph of both artists as the centerpiece of the article. The text highlights the genre’s relevance today and its appeal to new audiences. It is accompanied by advertisements and cultural notes typical of the journalistic context of the time",El vocero,,1976-05-31,,single-page; text,"Retratos; Poetas, Puertorriqueños; Trovadores; Poesía; Folclore; Nacionalismo;
Portraits; Poets, Puerto Rican; Troubadors; Poetry; Folklore; Nationalism ","San Juan, Puerto Rico",18.4670588,-66.118459300,,Periódico El Vocero,"Chuito el de Bayamón Collection. Recovering the US Hispanic Literary Heritage, University of Houston.",,"MG-101, Box 6, Folder - 'Psychiana Photographs'",CHBA_OVS_029,Items in this collection may be under copyright. Please contact apprec@central.uh.edu for more information.,https://artepublicopress.com/permissions/,Text; Still Image,Español; Spanish,
CHBA_OVS_030,CHBA_OVS_030.jpg,,Chuíto el de Bayamón: Trovero Mayor de Puerto Rico,image/jpeg,"Artículo titulado Chuíto el de Bayamón: Trovero Mayor de Puerto Rico’, publicado en El Mundo el 25 de octubre de 1974. Presenta una semblanza del trovador Chuito el de Bayamón [Jesús Sánchez Erazo], destacando su trayectoria y su vínculo con la tradición jíbara. El texto enfatiza su talento como improvisador y su papel en la preservación de la décima puertorriqueña. Incluye fragmentos de versos y reflexiones sobre el canto como expresión del pueblo. Se acompaña de una fotografía del artista junto a un reconocimiento discográfico.; <br> 
Article titled Chuito el de Bayamón: Puerto Rico’s Leading Trovador, published in El Mundo on October 25, 1974. It presents a profile of the trovador Chuito el de Bayamón [Jesús Sánchez Erazo], highlighting his career and his connection to the jíbara tradition. The text emphasizes his talent as an improviser and his role in preserving the Puerto Rican décima. It includes excerpts from verses and reflections on singing as an expression of the people. It is accompanied by a photograph of the artist alongside a record award","Díaz Alfaro, Abelardo",,1974-10-25,,single-page; text,"Retratos; Poetas, Puertorriqueños; Trovadores; Poesía; Folclore; Nacionalismo;
Portraits; Poets, Puerto Rican; Troubadors; Poetry; Folklore; Nationalism ","San Juan, Puerto Rico",18.4670588,-66.118459300,,Periódico El mundo,"Chuito el de Bayamón Collection. Recovering the US Hispanic Literary Heritage, University of Houston.",,"MG-101, Box 6, Folder - 'Psychiana Photographs'",CHBA_OVS_030,Items in this collection may be under copyright. Please contact apprec@central.uh.edu for more information.,https://artepublicopress.com/permissions/,Text; Still Image,Español; Spanish,
CHBA_OVS_031,CHBA_OVS_031.jpg,,Espectáculos,image/jpeg,"Sección Espectáculos del periódico El Vocero de San Juan, fechada el 12 de septiembre de 1975. El artículo reúne notas breves sobre programación cultural y televisiva en Puerto Rico. Destaca un homenaje a Chuito el de Bayamón, reconocido como figura de la décima jíbara, a celebrarse en Bayamón. Incluye además noticias sobre artistas como Norma Serrano y anuncios de cine y teatro. La página se completa con fotografías de intérpretes y un anuncio del espectáculo Puerto Rico ¡Fua! en Mayagüez.; <br> 
Entertainment section of the San Juan newspaper El Vocero, dated September 12, 1975. The article compiles brief notes on cultural and television programming in Puerto Rico. It highlights a tribute to Chuito el de Bayamón, recognized as a leading figure in the décima jíbara tradition, to be held in Bayamón. It also includes news about artists such as Norma Serrano and announcements for movies and theater. The page is rounded out with photographs of performers and an advertisement for the show Puerto Rico ¡Fua! in Mayagüez","Berio, Paquita",,1975-09-12,,single-page; text,"Retratos; Poetas, Puertorriqueños; Trovadores; Poesía; Folclore; Nacionalismo;
Portraits; Poets, Puerto Rican; Troubadors; Poetry; Folklore; Nationalism ","San Juan, Puerto Rico",18.4670588,-66.118459300,,Periódico El Vocero,"Chuito el de Bayamón Collection. Recovering the US Hispanic Literary Heritage, University of Houston.",,"MG-101, Box 6, Folder - 'Psychiana Photographs'",CHBA_OVS_031,Items in this collection may be under copyright. Please contact apprec@central.uh.edu for more information.,https://artepublicopress.com/permissions/,Text; Still Image,Español; Spanish,